id,title,body,user_id
1,sunt aut facere repellat provident occaecati excepturi optio reprehenderit,"quia et suscipit
suscipit recusandae consequuntur expedita et cum
reprehenderit molestiae ut ut quas...",1
2,qui est esse,"est rerum tempore vitae
sequi sint nihil reprehenderit dolor beatae ea dolores neque
fugiat blanditi...",1
3,ea molestias quasi exercitationem repellat qui ipsa sit aut,"et iusto sed quo iure
voluptatem occaecati omnis eligendi aut ad
voluptatem doloribus vel accusantiu...",1
4,eum et est occaecati,"ullam et saepe reiciendis voluptatem adipisci
sit amet autem assumenda provident rerum culpa
quis hi...",1
5,nesciunt quas odio,"repudiandae veniam quaerat sunt sed
alias aut fugiat sit autem sed est
voluptatem omnis possimus ess...",1
